input,gold_hard,llm_hard,llm_soft
Speaker 1: 'Do you ever throw anything away?' Speaker 2: 'Someday I'm gonna get married and I'm going to need all this stuff.',no,,"[{' no': -2.2958224e-05, ' yes': -10.680122, '!': -87.33654, '""': -87.33654, '#': -87.33654}]"
Speaker 1: 'Did you talk to Kathy?' Speaker 2: 'My manager talked me out of it.',no,,"[{' no': -3.051303e-06, ' yes': -12.674129, '!': -87.33654, '""': -87.33654, '#': -87.33654}]"
Speaker 1: 'Can we look around in your camper?' Speaker 2: 'I'll give you the royal tour.',yes,,"[{' yes': -1.022884e-06, ' no': -13.762306, '!': -87.33654, '""': -87.33654, '#': -87.33654}]"
Speaker 1: 'Am I better than your sister?' Speaker 2: 'You can't hold a candle to my sister.',no,,"[{' no': -1.5006569e-06, ' yes': -13.345736, '!': -87.33654, '""': -87.33654, '#': -87.33654}]"
Speaker 1: 'Did you clean your room?! The cleaning woman is coming today!' Speaker 2: 'Then why do I need to clean?',no,,"[{' no': -4.361666e-06, ' yes': -12.324696, '!': -87.33654, '""': -87.33654, '#': -87.33654}]"
Speaker 1: 'Beautiful isn't it?' Speaker 2: 'They're disgusting.',no,,"[{' no': -1.022884e-06, ' yes': -13.792846, '!': -87.33654, '""': -87.33654, '#': -87.33654}]"
Speaker 1: 'Does she know how to play a piano?' Speaker 2: 'Now it is like second nature to her.',yes,,"[{' yes': -0.0007417668, ' no': -7.2067356, '!': -87.33654, '""': -87.33654, '#': -87.33654}]"
Speaker 1: 'Do you agree with me?' Speaker 2: 'You are preaching to the choir.',yes,,"[{' yes': -2.8087945e-05, ' no': -10.477757, '!': -87.33654, '""': -87.33654, '#': -87.33654}]"
Speaker 1: 'Was he happy?' Speaker 2: 'Was on cloud nine.',yes,,"[{' no': -6.361214e-05, ' yes': -9.662539, '!': -87.33654, '""': -87.33654, '#': -87.33654}]"
Speaker 1: 'Is the groom taller than the bride?' Speaker 2: 'He is as tall as a giraffe.',yes,,"[{' no': -4.1232483e-06, ' yes': -12.393139, '!': -87.33654, '""': -87.33654, '#': -87.33654}]"
"Speaker 1: 'Heh. That's a joke, right?' Speaker 2: 'What's a joke?'",no,,"[{' no': -1.9765537e-06, ' yes': -13.134478, '!': -87.33654, '""': -87.33654, '#': -87.33654}]"
Speaker 1: 'Do they fight?' Speaker 2: 'They fight like cats and dogs.',yes,,"[{' no': -0.009988757, ' yes': -4.6112843, '!': -87.33654, '""': -87.33654, '#': -87.33654}]"
Speaker 1: 'But do you think next time we could go to the same game?' Speaker 2: 'No problem.',yes,,"[{' yes': -0.00016709937, ' no': -8.697012, '!': -87.33654, '""': -87.33654, '#': -87.33654}]"
"Speaker 1: 'Did you like the show?' Speaker 2: 'To me, it's like watching grass grow.'",no,,"[{' no': -2.8138238e-06, ' yes': -12.78248, '!': -87.33654, '""': -87.33654, '#': -87.33654}]"
Speaker 1: 'You mean you don't know who she is?' Speaker 2: 'No way.',yes,,"[{' no': -4.799487e-05, ' yes': -9.94404, '!': -87.33654, '""': -87.33654, '#': -87.33654}]"
"Speaker 1: 'Aren't you getting ready?' Speaker 2: 'We've lost our ride, Miriam.'",no,,"[{' no': -5.197998e-06, ' yes': -12.149899, '!': -87.33654, '""': -87.33654, '#': -87.33654}]"
Speaker 1: 'Do you like my new outfit?' Speaker 2: 'You shouldn't be allowed to buy clothes.',no,,"[{' no': -4.838501e-06, ' yes': -12.217945, '!': -87.33654, '""': -87.33654, '#': -87.33654}]"
"Speaker 1: 'You weren't supposed to follow me, were you?' Speaker 2: 'Sorry. My fault.'",no,,"[{' no': -4.2033495e-05, ' yes': -10.074718, '!': -87.33654, '""': -87.33654, '#': -87.33654}]"
Speaker 1: 'Does he have problems with his acconting project?' Speaker 2: 'He has been struggling with that from day one.',yes,,"[{' no': -0.0007708199, ' yes': -7.1684494, '!': -87.33654, '""': -87.33654, '#': -87.33654}]"
Speaker 1: 'Is it raining heavily?' Speaker 2: 'It's raining cats and dogs.',yes,,"[{' yes': -0.017710214, ' no': -4.0424523, '!': -87.33654, '""': -87.33654, '#': -87.33654}]"
Speaker 1: 'Are you going for the party?' Speaker 2: 'Is the pope Catholic?',yes,,"[{' no': -1.9765537e-06, ' yes': -13.085877, '!': -87.33654, '""': -87.33654, '#': -87.33654}]"
Speaker 1: 'Is that a big turkey?' Speaker 2: 'That turkey could feed an army!',yes,,"[{' yes': -0.057726916, ' no': -2.8807554, '!': -87.33654, '""': -87.33654, '#': -87.33654}]"
Speaker 1: 'Is he a careful investor?' Speaker 2: 'He never puts all of his eggs in one basket.',yes,,"[{' no': -0.4784999, ' yes': -0.9668269, '!': -87.33654, '""': -87.33654, '#': -87.33654}]"
Speaker 1: 'I beg your pardon. Are you ill?' Speaker 2: 'I hope not.',no,,"[{' no': -1.5327929e-05, ' yes': -11.083298, '!': -87.33654, '""': -87.33654, '#': -87.33654}]"
Speaker 1: 'Could he hit?' Speaker 2: 'Lifetime 356 average. Third highest in history.',yes,,"[{' no': -8.51908e-05, ' yes': -9.370203, '!': -87.33654, '""': -87.33654, '#': -87.33654}]"
Speaker 1: 'Exactly the way it was?' Speaker 2: 'Down to the last slime-covered toadstool.',yes,,"[{' yes': -0.0025588416, ' no': -5.9694705, '!': -87.33654, '""': -87.33654, '#': -87.33654}]"
Speaker 1: 'Isn't it fantastic?' Speaker 2: 'It - it's great. Now let's get outta here.',yes,,"[{' no': -0.0016712935, ' yes': -6.394928, '!': -87.33654, '""': -87.33654, '#': -87.33654}]"
Speaker 1: 'Can he walk now?' Speaker 2: 'He is as strong as an ox.',yes,,"[{' no': -1.1991961e-05, ' yes': -11.327893, '!': -87.33654, '""': -87.33654, '#': -87.33654}]"
Speaker 1: 'Is he a fast runner?' Speaker 2: 'He runs like the wind!',yes,,"[{' yes': -0.15474068, ' no': -1.9423766, '!': -87.33654, '""': -87.33654, '#': -87.33654}]"
"Speaker 1: 'Should we repay you?' Speaker 2: 'There is no charge for awesomeness, or attractiveness.'",no,,"[{' no': -1.771398e-05, ' yes': -10.9361515, '!': -87.33654, '""': -87.33654, '#': -87.33654}]"
"Speaker 1: 'They grow up so fast, don't they?' Speaker 2: 'Too fast.'",yes,,"[{' no': -0.0022987493, ' yes': -6.0765247, '!': -87.33654, '""': -87.33654, '#': -87.33654}]"
Speaker 1: 'Does anyone know how to pick a lock?' Speaker 2: 'Sure. Picking locks is my thing.',yes,,"[{' yes': -1.8841804e-07, ' no': -15.440918, '!': -87.33654, '""': -87.33654, '#': -87.33654}]"
Speaker 1: 'She's not gonna eat me right?' Speaker 2: 'You're too skinny.',no,,"[{' no': -3.249586e-05, ' yes': -10.334726, '!': -87.33654, '""': -87.33654, '#': -87.33654}]"
Speaker 1: 'You have trouble sleeping?' Speaker 2: 'I get headaches.',yes,,"[{' no': -1.9765537e-06, ' yes': -13.120996, '!': -87.33654, '""': -87.33654, '#': -87.33654}]"
"Speaker 1: 'Oh, hello. Are you guys here to look at the refrigerator?' Speaker 2: 'We're here to look at the tv. Heh heh.'",no,,"[{' no': -2.9311614e-06, ' yes': -12.707469, '!': -87.33654, '""': -87.33654, '#': -87.33654}]"
Speaker 1: 'Do you think your parents will be angry?' Speaker 2: 'My parents are going to kill me when they find out.',yes,,"[{' no': -0.0014370412, ' yes': -6.545825, '!': -87.33654, '""': -87.33654, '#': -87.33654}]"
Speaker 1: 'Like it?' Speaker 2: 'It's wonderful !',yes,,"[{' yes': -4.0040345e-06, ' no': -12.413792, '!': -87.33654, '""': -87.33654, '#': -87.33654}]"
Speaker 1: 'Did you go to the movies last night?' Speaker 2: 'I had to study last night.',no,,"[{' no': -4.361666e-06, ' yes': -12.323682, '!': -87.33654, '""': -87.33654, '#': -87.33654}]"
Speaker 1: 'Don't you do the shopping yourself?' Speaker 2: 'No shopping or laundry or housekeeping. I am a professional nanny.',no,,"[{' no': -5.8725527e-05, ' yes': -9.742185, '!': -87.33654, '""': -87.33654, '#': -87.33654}]"
Speaker 1: 'Is your helper old?' Speaker 2: 'She's as old as the hills.',yes,,"[{' no': -0.0050370153, ' yes': -5.2934737, '!': -87.33654, '""': -87.33654, '#': -87.33654}]"
Speaker 1: 'So they're not going to hurt us?' Speaker 2: 'Does it look like any of them are trying to hurt you?',no,,"[{' no': -7.698572e-06, ' yes': -11.767753, '!': -87.33654, '""': -87.33654, '#': -87.33654}]"
"Speaker 1: 'You getting this, Winifred?' Speaker 2: 'Every word.'",yes,,"[{' yes': -1.8841804e-07, ' no': -15.324173, '!': -87.33654, '""': -87.33654, '#': -87.33654}]"
Speaker 1: 'Is he enthusiastic?' Speaker 2: 'He is an eager beaver.',yes,,"[{' yes': -0.0947909, ' no': -2.4031024, '!': -87.33654, '""': -87.33654, '#': -87.33654}]"
Speaker 1: 'Does he love his little girl?' Speaker 2: 'She's the apple of his eye.',yes,,"[{' yes': -0.0038328522, ' no': -5.566058, '!': -87.33654, '""': -87.33654, '#': -87.33654}]"
"Speaker 1: 'Would you like to come inside?' Speaker 2: 'Uh, thanks, but... I don't think I will.'",no,,"[{' no': -7.8540467e-07, ' yes': -14.033417, '!': -87.33654, '""': -87.33654, '#': -87.33654}]"
Speaker 1: 'Did I see you with Jane at the supermarket?' Speaker 2: 'We just bumped into each other.',yes,,"[{' no': -3.3212986e-05, ' yes': -10.312121, '!': -87.33654, '""': -87.33654, '#': -87.33654}]"
Speaker 1: 'Are you going to talk to Mark?' Speaker 2: 'I want to get this off my chest.',yes,,"[{' no': -6.1516675e-06, ' yes': -11.998082, '!': -87.33654, '""': -87.33654, '#': -87.33654}]"
Speaker 1: 'Did you make this box?' Speaker 2: 'With my own two hands.',yes,,"[{' yes': -0.007446809, ' no': -4.903679, '!': -87.33654, '""': -87.33654, '#': -87.33654}]"
Speaker 1: 'Could you gets tickets for the concert?' Speaker 2: 'I completely missed the boat.',no,,"[{' no': -6.6619094e-07, ' yes': -14.17372, '!': -87.33654, '""': -87.33654, '#': -87.33654}]"
"Speaker 1: 'Fred, is there something you want to tell me about the lodge meeting?' Speaker 2: 'I don't wanna think about it.'",no,,"[{' no': -1.1430258e-06, ' yes': -13.610527, '!': -87.33654, '""': -87.33654, '#': -87.33654}]"
Speaker 1: 'Are you sure that's the plan?' Speaker 2: 'You bet that's the plan!',yes,,"[{' yes': -6.827632e-08, ' no': -15.767189, '!': -87.33654, '""': -87.33654, '#': -87.33654}]"
Speaker 1: 'Do you sail?' Speaker 2: 'Too much work. I'm not really the physical type. ',no,,"[{' no': -3.170517e-06, ' yes': -12.631648, '!': -87.33654, '""': -87.33654, '#': -87.33654}]"
Speaker 1: 'You brought the money?' Speaker 2: 'Right here.',yes,,"[{' yes': -5.197998e-06, ' no': -12.159618, '!': -87.33654, '""': -87.33654, '#': -87.33654}]"
Speaker 1: 'Do you recommend that I talk with the boss?' Speaker 2: 'I would advise against it.',no,,"[{' no': -1.6207987e-06, ' yes': -13.307894, '!': -87.33654, '""': -87.33654, '#': -87.33654}]"
Speaker 1: 'Do you mind if I ask Raimondo to go with him?' Speaker 2: 'I don't see why I should mind.',no,,"[{' no': -0.08183982, ' yes': -2.5436318, '!': -87.33654, '""': -87.33654, '#': -87.33654}]"
Speaker 1: 'Do you want some extra pepper in the lasagne?' Speaker 2: 'Why do you want to ruin it?',no,,"[{' no': -3.051303e-06, ' yes': -12.677866, '!': -87.33654, '""': -87.33654, '#': -87.33654}]"
Speaker 1: 'Have you seen my watch? ' Speaker 2: 'I will take a look for it around my house.',no,,"[{' no': -6.146545e-05, ' yes': -9.696343, '!': -87.33654, '""': -87.33654, '#': -87.33654}]"
Speaker 1: 'Did you hear they broke up?' Speaker 2: 'It is probably all for the best. They were not getting along well.',yes,,"[{' no': -0.00014229833, ' yes': -8.857434, '!': -87.33654, '""': -87.33654, '#': -87.33654}]"
Speaker 1: 'Was all the proposals good?' Speaker 2: 'Only one made the cut.',no,,"[{' no': -1.6402679e-05, ' yes': -11.013176, '!': -87.33654, '""': -87.33654, '#': -87.33654}]"
Speaker 1: 'Does she always cry like that?' Speaker 2: 'She's usually very sweet...',no,,"[{' no': -8.7733215e-06, ' yes': -11.640175, '!': -87.33654, '""': -87.33654, '#': -87.33654}]"
Speaker 1: 'Does it bother you that the machine stops working like that?' Speaker 2: 'I'm used to it.',no,,"[{' no': -1.9382902e-05, ' yes': -10.846943, '!': -87.33654, '""': -87.33654, '#': -87.33654}]"
"Speaker 1: 'But dad, didn't you ever, I dunno, want to do something else?' Speaker 2: 'When I was young and crazy... I thought about running away and learning how to make tofu.'",yes,,"[{' no': -0.00013800588, ' yes': -8.888237, '!': -87.33654, '""': -87.33654, '#': -87.33654}]"
Speaker 1: 'Have you had a chance to wear your new shirt yet?' Speaker 2: 'I have been trying to exchange it for a larger size.',no,,"[{' no': -1.9028084e-05, ' yes': -10.865573, '!': -87.33654, '""': -87.33654, '#': -87.33654}]"
Speaker 1: 'Are you sure that I should do it?' Speaker 2: 'You've got to do what you've got to do.',yes,,"[{' yes': -0.22120608, ' no': -1.6172252, '!': -87.33654, '""': -87.33654, '#': -87.33654}]"
Speaker 1: 'Is your neighbour old?' Speaker 2: 'Older than dirt.',yes,,"[{' no': -0.052412987, ' yes': -2.9746923, '!': -87.33654, '""': -87.33654, '#': -87.33654}]"
Speaker 1: 'Do you have a permit?' Speaker 2: 'Not yet!',no,,"[{' no': -2.2159093e-06, ' yes': -13.024049, '!': -87.33654, '""': -87.33654, '#': -87.33654}]"
Speaker 1: 'Can he play the violin? ' Speaker 2: 'Can a pig fly?',no,,"[{' no': -9.055464e-07, ' yes': -13.873322, '!': -87.33654, '""': -87.33654, '#': -87.33654}]"
Speaker 1: 'Do you really believe that?' Speaker 2: 'I am going to take him at his word.',yes,,"[{' no': -0.41090664, ' yes': -1.0878172, '!': -87.33654, '""': -87.33654, '#': -87.33654}]"
Speaker 1: 'Did you ask her?' Speaker 2: 'I've done everything possible short of asking her.',no,,"[{' no': -2.28437e-05, ' yes': -10.68235, '!': -87.33654, '""': -87.33654, '#': -87.33654}]"
Speaker 1: 'Is he fat?' Speaker 2: 'He is skinny enough to jump through a keyhole.',no,,"[{' no': -3.881579e-05, ' yes': -10.1564865, '!': -87.33654, '""': -87.33654, '#': -87.33654}]"
Speaker 1: 'Are you ready to get back to work?' Speaker 2: 'I think so.',yes,,"[{' yes': -0.00015183784, ' no': -8.792296, '!': -87.33654, '""': -87.33654, '#': -87.33654}]"
Speaker 1: 'Are you Zuria?' Speaker 2: 'He's inside.',no,,"[{' no': -2.8138238e-06, ' yes': -12.780871, '!': -87.33654, '""': -87.33654, '#': -87.33654}]"
Speaker 1: 'Did he ask you to marry him?' Speaker 2: 'He has been beating around the bush.',no,,"[{' no': -1.4377073e-05, ' yes': -11.147497, '!': -87.33654, '""': -87.33654, '#': -87.33654}]"
Speaker 1: 'Have they reached an agreement?' Speaker 2: 'It seems they didn't have any common ground to stand on.',no,,"[{' no': -1.9765537e-06, ' yes': -13.117899, '!': -87.33654, '""': -87.33654, '#': -87.33654}]"
"Speaker 1: 'But aren't you afraid?' Speaker 2: 'Ma'am, sharks never attack anybody.'",no,,"[{' no': -2.9519388e-05, ' yes': -10.428634, '!': -87.33654, '""': -87.33654, '#': -87.33654}]"
Speaker 1: 'Is it fun to play with Katie?' Speaker 2: 'She's more fun than a barrel of monkeys!',yes,,"[{' yes': -0.0011603505, ' no': -6.75956, '!': -87.33654, '""': -87.33654, '#': -87.33654}]"
Speaker 1: 'Can we watch your tv?' Speaker 2: 'Y... y... you're expelled! Get out!',no,,"[{' no': -1.5006569e-06, ' yes': -13.363656, '!': -87.33654, '""': -87.33654, '#': -87.33654}]"
Speaker 1: 'Was it expensive?' Speaker 2: 'It costed a bazillion dollars.',yes,,"[{' no': -5.2765092e-05, ' yes': -9.849714, '!': -87.33654, '""': -87.33654, '#': -87.33654}]"
Speaker 1: 'They've found me! They're after you?' Speaker 2: 'My father must have sent them.',yes,,"[{' no': -3.2616e-05, ' yes': -10.330896, '!': -87.33654, '""': -87.33654, '#': -87.33654}]"
"Speaker 1: 'But that's going a bit too far, don't you think?' Speaker 2: 'Indubitably.'",yes,,"[{' yes': -0.002482533, ' no': -5.999713, '!': -87.33654, '""': -87.33654, '#': -87.33654}]"
"Speaker 1: 'Excuse me, can I borrow your guitar?' Speaker 2: 'Sorry, muchacho.'",no,,"[{' no': -6.6619094e-07, ' yes': -14.17192, '!': -87.33654, '""': -87.33654, '#': -87.33654}]"
Speaker 1: 'Do you sell calculators?' Speaker 2: 'We are all sold out. We won't probably have any more in for a few weeks.',yes,,"[{' no': -4.721163e-06, ' yes': -12.249554, '!': -87.33654, '""': -87.33654, '#': -87.33654}]"
"Speaker 1: 'You have it, then?' Speaker 2: 'I had to slit a few throats to get it.'",yes,,"[{' no': -1.42597355e-05, ' yes': -11.152708, '!': -87.33654, '""': -87.33654, '#': -87.33654}]"
Speaker 1: 'Were you hiding from me?' Speaker 2: 'I didn't want to scare you.',yes,,"[{' no': -0.000102240454, ' yes': -9.18793, '!': -87.33654, '""': -87.33654, '#': -87.33654}]"
Speaker 1: 'Mind if I leave my umbrella here in the hallway?' Speaker 2: 'Not at all. But first shake it outside. Would you?',no,,"[{' no': -0.051201556, ' yes': -2.9974751, '!': -87.33654, '""': -87.33654, '#': -87.33654}]"
"Speaker 1: 'Seagull? What? Oh - you went up to the surface again, didn't you? Didn't you?' Speaker 2: 'Nothing... happened...'",yes,,"[{' no': -1.8601542e-06, ' yes': -13.140359, '!': -87.33654, '""': -87.33654, '#': -87.33654}]"
Speaker 1: 'Should I clean this up?' Speaker 2: 'Don't expect me to act as your maid.',yes,,"[{' no': -2.4986643e-05, ' yes': -10.593736, '!': -87.33654, '""': -87.33654, '#': -87.33654}]"
Speaker 1: 'You're leaving?' Speaker 2: 'It has been a pleasure my queen.',yes,,"[{' no': -3.7028603e-05, ' yes': -10.201209, '!': -87.33654, '""': -87.33654, '#': -87.33654}]"
"Speaker 1: 'Well, now that don't seem likely, does it?' Speaker 2: 'It's true.'",yes,,"[{' yes': -0.00022039504, ' no': -8.420141, '!': -87.33654, '""': -87.33654, '#': -87.33654}]"
Speaker 1: 'You do this often?' Speaker 2: 'It's my first time.',no,,"[{' no': -4.0040345e-06, ' yes': -12.410282, '!': -87.33654, '""': -87.33654, '#': -87.33654}]"
Speaker 1: 'Do you mean the girl by the fire? ' Speaker 2: 'The girl with a torch.',no,,"[{' no': -0.0018781327, ' yes': -6.2783823, '!': -87.33654, '""': -87.33654, '#': -87.33654}]"
Speaker 1: 'Is the room warm?' Speaker 2: 'It is as cold as ice.',no,,"[{' no': -2.693682e-06, ' yes': -12.804544, '!': -87.33654, '""': -87.33654, '#': -87.33654}]"
Speaker 1: 'You've seen it?' Speaker 2: 'It's top secret but he's been telling me about it.',no,,"[{' no': -0.00013919984, ' yes': -8.879679, '!': -87.33654, '""': -87.33654, '#': -87.33654}]"
Speaker 1: 'Did their answer annoy you?' Speaker 2: 'That's what really gets up my nose.',yes,,"[{' no': -0.0005118471, ' yes': -7.577713, '!': -87.33654, '""': -87.33654, '#': -87.33654}]"
Speaker 1: 'Could you understand the sketch?' Speaker 2: 'It is as clear as mud.',no,,"[{' no': -3.883893e-06, ' yes': -12.444201, '!': -87.33654, '""': -87.33654, '#': -87.33654}]"
Speaker 1: 'Did the negotiation go well?' Speaker 2: 'It was as hard as nails.',no,,"[{' no': -4.1232483e-06, ' yes': -12.39594, '!': -87.33654, '""': -87.33654, '#': -87.33654}]"
Speaker 1: 'Can your grandmother hear?' Speaker 2: 'She can hear a pin drop a mile away.',yes,,"[{' no': -0.020599347, ' yes': -3.8927763, '!': -87.33654, '""': -87.33654, '#': -87.33654}]"
Speaker 1: 'Does he come to attend the meditation class?' Speaker 2: 'Do pigs fly?',no,,"[{' no': -6.6619094e-07, ' yes': -14.236015, '!': -87.33654, '""': -87.33654, '#': -87.33654}]"
Speaker 1: 'You don't want to sing this song?' Speaker 2: 'I'm not into it right now.',no,,"[{' no': -2.8138238e-06, ' yes': -12.768947, '!': -87.33654, '""': -87.33654, '#': -87.33654}]"
Speaker 1: 'Can I put some music on? It helps me to relax while I am studying.' Speaker 2: 'I am having a hard time concentrating on this chapter as it is.',no,,"[{' no': -4.7041198e-05, ' yes': -9.962548, '!': -87.33654, '""': -87.33654, '#': -87.33654}]"
Speaker 1: 'Did you have a good time at the party?' Speaker 2: 'It was gas.',no,,"[{' no': -2.7490969e-05, ' yes': -10.499996, '!': -87.33654, '""': -87.33654, '#': -87.33654}]"
Speaker 1: 'Did you check everywhere?' Speaker 2: 'I checked every nook and cranny.',yes,,"[{' yes': -6.827632e-08, ' no': -15.797592, '!': -87.33654, '""': -87.33654, '#': -87.33654}]"
"Speaker 1: 'She really does love him, doesn't she, Sebastian?' Speaker 2: 'Well, it's like I always say, your majesty. Children got to be free to lead their own lives.'",yes,,"[{' no': -0.00012548709, ' yes': -8.983241, '!': -87.33654, '""': -87.33654, '#': -87.33654}]"
Speaker 1: 'Isn't this great?' Speaker 2: 'Delightful.',yes,,"[{' yes': -0.00046932904, ' no': -7.6644096, '!': -87.33654, '""': -87.33654, '#': -87.33654}]"
Speaker 1: 'I cant read the service problem. Can you help me?' Speaker 2: 'Neither can I.',no,,"[{' no': -1.8841804e-07, ' yes': -15.33342, '!': -87.33654, '""': -87.33654, '#': -87.33654}]"
"Speaker 1: 'I've heard it is the worst place to go to school, is it?' Speaker 2: 'It's not as bad as all that.'",no,,"[{' no': -0.00027566, ' yes': -8.196427, '!': -87.33654, '""': -87.33654, '#': -87.33654}]"
Speaker 1: 'Did you buy an expensive car?' Speaker 2: 'Our car cost us an arm and a leg.',yes,,"[{' yes': -0.002514619, ' no': -5.9868975, '!': -87.33654, '""': -87.33654, '#': -87.33654}]"
Speaker 1: 'Is this shoe comfortable?' Speaker 2: 'These dress shoes are killing me.',no,,"[{' no': -1.5094201e-05, ' yes': -11.101989, '!': -87.33654, '""': -87.33654, '#': -87.33654}]"
"Speaker 1: 'Is it true you rescued a human from drowing?' Speaker 2: 'Daddy, I had to...'",yes,,"[{' yes': -0.31301752, ' no': -1.3139254, '!': -87.33654, '""': -87.33654, '#': -87.33654}]"
Speaker 1: 'Did you bring your blue and yellow sweater for me to wear to the game today? You know I like to wear school colours at the games.' Speaker 2: 'Oh! I knew I forgot something at home.',no,,"[{' no': -3.529076e-06, ' yes': -12.556956, '!': -87.33654, '""': -87.33654, '#': -87.33654}]"
Speaker 1: 'Any sign?' Speaker 2: 'Something's going to happen out there. I can feel it.',yes,,"[{' no': -1.771398e-05, ' yes': -10.938646, '!': -87.33654, '""': -87.33654, '#': -87.33654}]"
Speaker 1: 'Are you tired?' Speaker 2: 'I'm so tired I could sleep for a million years.',yes,,"[{' yes': -3.6195077e-05, ' no': -10.224469, '!': -87.33654, '""': -87.33654, '#': -87.33654}]"
Speaker 1: 'Have you ever been to Corto Maltese?' Speaker 2: 'Not since the shooting started.',yes,,"[{' no': -1.8601542e-06, ' yes': -13.190316, '!': -87.33654, '""': -87.33654, '#': -87.33654}]"
Speaker 1: 'Is it too risky of an investment?' Speaker 2: 'I think you're playing with fire.',yes,,"[{' no': -2.2245786e-05, ' yes': -10.7101965, '!': -87.33654, '""': -87.33654, '#': -87.33654}]"
"Speaker 1: 'It does what you tell it?' Speaker 2: 'Well, sort of.'",yes,,"[{' no': -0.00013347782, ' yes': -8.921642, '!': -87.33654, '""': -87.33654, '#': -87.33654}]"
Speaker 1: 'Did you hear that Mary turned out that job?' Speaker 2: 'The hours were convenient. But it was not enough to make the ends meet.',yes,,"[{' no': -6.5092986e-06, ' yes': -11.9306, '!': -87.33654, '""': -87.33654, '#': -87.33654}]"
Speaker 1: 'But didn't those friends of yours tell you what formula they usually give the baby?' Speaker 2: 'Actually they had to leave unexpectedly. They had to catch a plane...',no,,"[{' no': -4.361666e-06, ' yes': -12.338529, '!': -87.33654, '""': -87.33654, '#': -87.33654}]"
Speaker 1: 'Do you have a lot of papers to grade?' Speaker 2: 'I have a ton of papers to grade.',yes,,"[{' yes': -5.675771e-06, ' no': -12.079663, '!': -87.33654, '""': -87.33654, '#': -87.33654}]"
Speaker 1: 'Are you going to tell him what you think?' Speaker 2: 'You bet your boots I am.',yes,,"[{' yes': -6.827632e-08, ' no': -15.556236, '!': -87.33654, '""': -87.33654, '#': -87.33654}]"
Speaker 1: 'Should I go to their house?' Speaker 2: 'It is a den of iniquity.',no,,"[{' no': -3.6482897e-06, ' yes': -12.493617, '!': -87.33654, '""': -87.33654, '#': -87.33654}]"
"Speaker 1: 'I've never seen a human this close before. Oh... he's very handsome, isn't he?' Speaker 2: 'I dunno, he looks kinda hairy and slobbery to me.'",no,,"[{' no': -9.055464e-07, ' yes': -13.864525, '!': -87.33654, '""': -87.33654, '#': -87.33654}]"
Speaker 1: 'Will you start processing soon?' Speaker 2: 'We shall proceed with your order in no time.',yes,,"[{' yes': -1.0323977e-05, ' no': -11.475945, '!': -87.33654, '""': -87.33654, '#': -87.33654}]"
Speaker 1: 'Are you a very good tennis player?' Speaker 2: 'I'm above average.',yes,,"[{' no': -0.033517398, ' yes': -3.4124005, '!': -87.33654, '""': -87.33654, '#': -87.33654}]"
Speaker 1: 'Did you book the tickets?' Speaker 2: 'Is rain wet?',yes,,"[{' no': -1.022884e-06, ' yes': -13.70674, '!': -87.33654, '""': -87.33654, '#': -87.33654}]"
Speaker 1: 'Do you have any ketchup left?' Speaker 2: 'We are swimming in it.',yes,,"[{' yes': -0.00091279834, ' no': -6.999401, '!': -87.33654, '""': -87.33654, '#': -87.33654}]"
Speaker 1: 'Was that hot?' Speaker 2: 'The sun was scorching.',yes,,"[{' no': -0.0010614177, ' yes': -6.8486333, '!': -87.33654, '""': -87.33654, '#': -87.33654}]"
Speaker 1: 'Did they like the proposal we put together?' Speaker 2: 'It looks like it's back to the drawing board.',no,,"[{' no': -1.6207987e-06, ' yes': -13.326936, '!': -87.33654, '""': -87.33654, '#': -87.33654}]"
Speaker 1: 'You could join to help at the activity centre.' Speaker 2: 'I don't have that much extra time.',no,,"[{' no': -1.3823812e-06, ' yes': -13.423493, '!': -87.33654, '""': -87.33654, '#': -87.33654}]"
"Speaker 1: 'Getting into trouble a little early today, aren't we Aladdin?' Speaker 2: 'Trouble? You're only in trouble if you get caught.'",no,,"[{' no': -0.00022266187, ' yes': -8.410081, '!': -87.33654, '""': -87.33654, '#': -87.33654}]"
Speaker 1: 'Are you sure about this?' Speaker 2: 'Have I ever been wrong? I mean when it's important!',yes,,"[{' no': -0.1244938, ' yes': -2.1451006, '!': -87.33654, '""': -87.33654, '#': -87.33654}]"
Speaker 1: 'You want me to come out there and play private eye?' Speaker 2: 'Consider it.',yes,,"[{' yes': -1.022884e-06, ' no': -13.7280655, '!': -87.33654, '""': -87.33654, '#': -87.33654}]"
"Speaker 1: 'Can you do that?' Speaker 2: 'My dear, sweet child. That's what I do. It's what I live for.'",yes,,"[{' yes': -2.5744682e-06, ' no': -12.854311, '!': -87.33654, '""': -87.33654, '#': -87.33654}]"
Speaker 1: 'You... you actually believe her?' Speaker 2: 'Well don't you?',yes,,"[{' yes': -0.0049045114, ' no': -5.3200517, '!': -87.33654, '""': -87.33654, '#': -87.33654}]"
Speaker 1: 'Do you know how to get there?' Speaker 2: 'It's right around the corner.',yes,,"[{' no': -0.0033720564, ' yes': -5.693916, '!': -87.33654, '""': -87.33654, '#': -87.33654}]"
Speaker 1: 'Is Peter like you?' Speaker 2: 'We're just as different as night and day.',no,,"[{' no': -4.361666e-06, ' yes': -12.343257, '!': -87.33654, '""': -87.33654, '#': -87.33654}]"
Speaker 1: 'Did he run fast?' Speaker 2: 'That runner's faster than the speed of lightning.',yes,,"[{' no': -0.038640786, ' yes': -3.2727027, '!': -87.33654, '""': -87.33654, '#': -87.33654}]"
Speaker 1: 'Do you like that theory?' Speaker 2: 'Sounds good. Let's move on.',yes,,"[{' no': -0.0004662296, ' yes': -7.671075, '!': -87.33654, '""': -87.33654, '#': -87.33654}]"
Speaker 1: 'Did you finish?' Speaker 2: 'I didn't get anywhere.',no,,"[{' no': -1.8601542e-06, ' yes': -13.16157, '!': -87.33654, '""': -87.33654, '#': -87.33654}]"
"Speaker 1: 'You're not gonna tell him, are you?' Speaker 2: 'Oh, please, Sebastian, he would never understand.'",no,,"[{' no': -5.4364154e-06, ' yes': -12.107053, '!': -87.33654, '""': -87.33654, '#': -87.33654}]"
Speaker 1: 'Should I be careful?' Speaker 2: 'I want you home all in one piece.',yes,,"[{' yes': -0.00014563711, ' no': -8.834358, '!': -87.33654, '""': -87.33654, '#': -87.33654}]"
Speaker 1: 'Could you help Bob and me plan a surpise party for Meg?' Speaker 2: 'What can I do?',yes,,"[{' no': -0.0002844852, ' yes': -8.165079, '!': -87.33654, '""': -87.33654, '#': -87.33654}]"
"Speaker 1: 'Do you want a cigar, father? ' Speaker 2: 'They're very bad for you.'",no,,"[{' no': -3.7684315e-06, ' yes': -12.484186, '!': -87.33654, '""': -87.33654, '#': -87.33654}]"
Speaker 1: 'You took my photo off the ofrenda?!' Speaker 2: 'It was an accident!',yes,,"[{' no': -2.3795494e-05, ' yes': -10.643525, '!': -87.33654, '""': -87.33654, '#': -87.33654}]"
Speaker 1: 'You can come to my house for dinner?' Speaker 2: 'I'm hiding out.',no,,"[{' no': -6.6619094e-07, ' yes': -14.074478, '!': -87.33654, '""': -87.33654, '#': -87.33654}]"
Speaker 1: 'This is a costume?' Speaker 2: 'Aaaiyyyy... worked on it all night long!',yes,,"[{' no': -0.0034570445, ' yes': -5.6690755, '!': -87.33654, '""': -87.33654, '#': -87.33654}]"
Speaker 1: 'Is she a chatterbox?' Speaker 2: 'She never stops talking.',yes,,"[{' yes': -9.846204e-06, ' no': -11.517839, '!': -87.33654, '""': -87.33654, '#': -87.33654}]"
Speaker 1: 'But you're troubled... aren't you?' Speaker 2: 'That's because you keep reminding me.',yes,,"[{' no': -6.838237e-05, ' yes': -9.5894, '!': -87.33654, '""': -87.33654, '#': -87.33654}]"
Speaker 1: 'Is it much farther?' Speaker 2: 'Do you ever say something that isn't a stupid question?',no,,"[{' no': -4.1232483e-06, ' yes': -12.376872, '!': -87.33654, '""': -87.33654, '#': -87.33654}]"
"Speaker 1: 'Is there anything wrong with her?' Speaker 2: 'Oh, she's just pretending.'",no,,"[{' no': -1.1159372e-05, ' yes': -11.39397, '!': -87.33654, '""': -87.33654, '#': -87.33654}]"
Speaker 1: 'Is everyone comfortable?' Speaker 2: 'Everyone is on pins and needles.',no,,"[{' no': -9.055464e-07, ' yes': -13.831932, '!': -87.33654, '""': -87.33654, '#': -87.33654}]"
"Speaker 1: 'You're sure I'm not the chosen one?' Speaker 2: 'Emmet, your mother is the most powerful being in the universe.'",no,,"[{' no': -0.0002301129, ' yes': -8.377076, '!': -87.33654, '""': -87.33654, '#': -87.33654}]"
"Speaker 1: 'Uh, keep an eye on uncle Albert, will you, Bert?' Speaker 2: 'I'll sit with him a while.'",yes,,"[{' yes': -7.1062755e-06, ' no': -11.84017, '!': -87.33654, '""': -87.33654, '#': -87.33654}]"
Speaker 1: 'Did you fingerprint or anything?' Speaker 2: 'These guys always wear gloves. ',no,,"[{' no': -9.966347e-06, ' yes': -11.516008, '!': -87.33654, '""': -87.33654, '#': -87.33654}]"
Speaker 1: 'Is he a good friend?' Speaker 2: 'He's a pain in the neck.',no,,"[{' no': -1.5006569e-06, ' yes': -13.402604, '!': -87.33654, '""': -87.33654, '#': -87.33654}]"
Speaker 1: 'Are you gonna marry Lucy?' Speaker 2: 'Are you out of your gourd?',no,,"[{' no': -6.6619094e-07, ' yes': -14.104935, '!': -87.33654, '""': -87.33654, '#': -87.33654}]"
Speaker 1: 'Is it for an artist?' Speaker 2: 'It's for an accountant.',no,,"[{' no': -4.4818075e-06, ' yes': -12.316074, '!': -87.33654, '""': -87.33654, '#': -87.33654}]"
Speaker 1: 'Do you know how to play the violin?' Speaker 2: 'Do cats meow?',yes,,"[{' no': -7.8540467e-07, ' yes': -13.945404, '!': -87.33654, '""': -87.33654, '#': -87.33654}]"
"Speaker 1: 'You okay?' Speaker 2: 'I'm dying, kid.'",no,,"[{' no': -3.2906587e-06, ' yes': -12.602656, '!': -87.33654, '""': -87.33654, '#': -87.33654}]"
Speaker 1: 'Are you able to carry the box?' Speaker 2: 'It is as light as a feather.',yes,,"[{' no': -0.0024840848, ' yes': -5.999112, '!': -87.33654, '""': -87.33654, '#': -87.33654}]"
Speaker 1: 'Are you alone?' Speaker 2: 'Dan and I had a fight and he split.',yes,,"[{' no': -2.9756868e-05, ' yes': -10.419814, '!': -87.33654, '""': -87.33654, '#': -87.33654}]"
Speaker 1: 'Are you planning to buy a house?' Speaker 2: 'I really want a place to call my own.',yes,,"[{' no': -5.7532503e-05, ' yes': -9.762295, '!': -87.33654, '""': -87.33654, '#': -87.33654}]"
Speaker 1: 'Are you going to quit?' Speaker 2: 'Enough is enough.',yes,,"[{' no': -3.130471e-05, ' yes': -10.37082, '!': -87.33654, '""': -87.33654, '#': -87.33654}]"
"Speaker 1: 'Would you like to join me on a tour of my kingdom tomorrow?' Speaker 2: 'Wonderful, now let's eat, before this crab wanders off my plate.'",yes,,"[{' no': -7.937927e-06, ' yes': -11.739204, '!': -87.33654, '""': -87.33654, '#': -87.33654}]"
Speaker 1: 'Does it bother you that your husband goes away on long business trips?' Speaker 2: 'Absence makes the heart grow fonder.',no,,"[{' no': -0.000487996, ' yes': -7.62535, '!': -87.33654, '""': -87.33654, '#': -87.33654}]"
"Speaker 1: 'Have you found him, Pepita? Have you found our boy?' Speaker 2: 'A footprint!'",no,,"[{' no': -4.0246297e-05, ' yes': -10.118013, '!': -87.33654, '""': -87.33654, '#': -87.33654}]"
Speaker 1: 'Can you make a cake?' Speaker 2: 'Can birds fly?',yes,,"[{' no': -9.055464e-07, ' yes': -13.848038, '!': -87.33654, '""': -87.33654, '#': -87.33654}]"
Speaker 1: 'Did I explain it well?' Speaker 2: 'Your explanation is as clear as mud.',no,,"[{' no': -1.5006569e-06, ' yes': -13.364198, '!': -87.33654, '""': -87.33654, '#': -87.33654}]"
Speaker 1: 'Do you love me?' Speaker 2: 'My love for you is as deep as the ocean.',yes,,"[{' yes': -0.0006852826, ' no': -7.285917, '!': -87.33654, '""': -87.33654, '#': -87.33654}]"
"Speaker 1: 'So is everything good, fellas?' Speaker 2: 'I am panicked.'",no,,"[{' no': -2.3360508e-06, ' yes': -12.962609, '!': -87.33654, '""': -87.33654, '#': -87.33654}]"
Speaker 1: 'He still dead?' Speaker 2: 'Far as I know.',yes,,"[{' no': -3.5477948e-05, ' yes': -10.246182, '!': -87.33654, '""': -87.33654, '#': -87.33654}]"
Speaker 1: 'You're going to see your little brother? ' Speaker 2: 'First thing.',yes,,"[{' yes': -1.6207987e-06, ' no': -13.319467, '!': -87.33654, '""': -87.33654, '#': -87.33654}]"
Speaker 1: 'Is there a bus I can get to the station.' Speaker 2: 'You can't rely on it.',yes,,"[{' no': -7.8540467e-07, ' yes': -14.0277405, '!': -87.33654, '""': -87.33654, '#': -87.33654}]"
Speaker 1: 'Are you a shiftless dreamer?' Speaker 2: 'Not anymore.',no,,"[{' no': -0.003811132, ' yes': -5.5717506, '!': -87.33654, '""': -87.33654, '#': -87.33654}]"
Speaker 1: 'Is it too much?' Speaker 2: 'It's all great.',no,,"[{' yes': -0.031107483, ' no': -3.485819, '!': -87.33654, '""': -87.33654, '#': -87.33654}]"
Speaker 1: 'So is this the best brand?' Speaker 2: 'Pediatricians recommend this.',yes,,"[{' yes': -0.3130852, ' no': -1.3137413, '!': -87.33654, '""': -87.33654, '#': -87.33654}]"
Speaker 1: 'Did the Health Minister track all the patients?' Speaker 2: 'The Health Minister tracked some of the patients.',no,,"[{' no': -1.5448071e-05, ' yes': -11.078148, '!': -87.33654, '""': -87.33654, '#': -87.33654}]"
Speaker 1: 'Have you found him yet? ' Speaker 2: 'We're still looking.',no,,"[{' no': -2.5744682e-06, ' yes': -12.866862, '!': -87.33654, '""': -87.33654, '#': -87.33654}]"
Speaker 1: 'Are you a Dodgers' fan?' Speaker 2: 'I don't like baseball.',no,,"[{' no': -1.1430258e-06, ' yes': -13.650879, '!': -87.33654, '""': -87.33654, '#': -87.33654}]"
Speaker 1: 'Do you want to quit?' Speaker 2: 'I've never been the type of person who throws in the towel when things get tough.',no,,"[{' no': -6.9861335e-06, ' yes': -11.86679, '!': -87.33654, '""': -87.33654, '#': -87.33654}]"
Speaker 1: 'Do you enjoy fishing underwater?' Speaker 2: 'I detest it.',no,,"[{' no': -1.022884e-06, ' yes': -13.732811, '!': -87.33654, '""': -87.33654, '#': -87.33654}]"
"Speaker 1: 'This, so, this is your new job opportunity? ' Speaker 2: 'You're gonna like this.'",yes,,"[{' no': -0.00096380746, ' yes': -6.9451313, '!': -87.33654, '""': -87.33654, '#': -87.33654}]"
Speaker 1: 'Do you think we need to pursue an aggressive approach in order to remain competitive in the global market?' Speaker 2: 'I don't believe we should get involved in the cut-throat competition as they do.',no,,"[{' no': -2.9311614e-06, ' yes': -12.72861, '!': -87.33654, '""': -87.33654, '#': -87.33654}]"
Speaker 1: 'Perhaps it can be improved?' Speaker 2: 'No problem!',yes,,"[{' yes': -0.023357654, ' no': -3.7684822, '!': -87.33654, '""': -87.33654, '#': -87.33654}]"
Speaker 1: 'Will the three of us fit?' Speaker 2: 'There's plenty of room.',yes,,"[{' yes': -4.0040345e-06, ' no': -12.415026, '!': -87.33654, '""': -87.33654, '#': -87.33654}]"
Speaker 1: 'Did you build that?' Speaker 2: 'But it's seriously messed up.',yes,,"[{' no': -2.693682e-06, ' yes': -12.827982, '!': -87.33654, '""': -87.33654, '#': -87.33654}]"
Speaker 1: 'Are the shops open at night?' Speaker 2: 'New York is the city that never sleeps.',yes,,"[{' no': -2.2245786e-05, ' yes': -10.713705, '!': -87.33654, '""': -87.33654, '#': -87.33654}]"
Speaker 1: 'Does it look good?' Speaker 2: 'It is divine.',yes,,"[{' yes': -0.00037123813, ' no': -7.898877, '!': -87.33654, '""': -87.33654, '#': -87.33654}]"
Speaker 1: 'Are you going to spend your vacation in New York this year?' Speaker 2: 'Actually I have a different destination in mind.',no,,"[{' no': -5.460492e-07, ' yes': -14.286315, '!': -87.33654, '""': -87.33654, '#': -87.33654}]"
Speaker 1: 'Did you tell her about the dress?' Speaker 2: 'I just bit my tongue.',no,,"[{' no': -1.7400124e-06, ' yes': -13.215326, '!': -87.33654, '""': -87.33654, '#': -87.33654}]"
"Speaker 1: 'Can you tell my future from these stars?' Speaker 2: 'The stars don't tell the future, donkey. They tell stories.'",no,,"[{' no': -6.6619094e-07, ' yes': -14.127174, '!': -87.33654, '""': -87.33654, '#': -87.33654}]"
Speaker 1: 'You sure this'll happen?' Speaker 2: 'It's in the cards.',yes,,"[{' no': -0.06681101, ' yes': -2.7391055, '!': -87.33654, '""': -87.33654, '#': -87.33654}]"
"Speaker 1: 'Is she still out there?' Speaker 2: 'You know she hates the cave, Grug.'",yes,,"[{' no': -2.3795494e-05, ' yes': -10.643029, '!': -87.33654, '""': -87.33654, '#': -87.33654}]"
Speaker 1: 'You've seen rain before... right?' Speaker 2: 'We don't get out much.',no,,"[{' no': -0.00022182555, ' yes': -8.413826, '!': -87.33654, '""': -87.33654, '#': -87.33654}]"
Speaker 1: 'Is this place hot?' Speaker 2: 'As hot as hell.',yes,,"[{' no': -0.50461125, ' yes': -0.9256852, '!': -87.33654, '""': -87.33654, '#': -87.33654}]"
Speaker 1: 'Aren't you suppose to be in bed?' Speaker 2: 'We couldn't sleep.',yes,,"[{' no': -4.275062e-05, ' yes': -10.058773, '!': -87.33654, '""': -87.33654, '#': -87.33654}]"
Speaker 1: 'Do you have any agricultural background?' Speaker 2: 'I used to work in an office.',no,,"[{' no': -1.2622395e-06, ' yes': -13.559601, '!': -87.33654, '""': -87.33654, '#': -87.33654}]"
Speaker 1: 'Anything new?' Speaker 2: 'The usual gas.',no,,"[{' no': -6.5092986e-06, ' yes': -11.927007, '!': -87.33654, '""': -87.33654, '#': -87.33654}]"
Speaker 1: 'Is she healthy?' Speaker 2: 'She is all skin and bones.',no,,"[{' no': -1.1753544e-05, ' yes': -11.345936, '!': -87.33654, '""': -87.33654, '#': -87.33654}]"
Speaker 1: 'Are you still working on that same painting?' Speaker 2: 'Hey! Rome was not built in one day!',yes,,"[{' no': -2.4986643e-05, ' yes': -10.597283, '!': -87.33654, '""': -87.33654, '#': -87.33654}]"
Speaker 1: 'Is it too costly?' Speaker 2: 'You are breaking the bank.',yes,,"[{' no': -7.3446927e-06, ' yes': -11.808653, '!': -87.33654, '""': -87.33654, '#': -87.33654}]"
"Speaker 1: 'Aren't you scared?' Speaker 2: 'Well, that's just fine.'",no,,"[{' no': -1.6207987e-06, ' yes': -13.339006, '!': -87.33654, '""': -87.33654, '#': -87.33654}]"
Speaker 1: 'Are you going to keep your part time job the next semester at the biology laboratory?' Speaker 2: 'One semester as lab assistant is enough.',no,,"[{' no': -2.319758e-05, ' yes': -10.671524, '!': -87.33654, '""': -87.33654, '#': -87.33654}]"
Speaker 1: 'Is it true that you mother has cancer?' Speaker 2: 'She has been sick for three months.',yes,,"[{' no': -5.7293146e-05, ' yes': -9.766795, '!': -87.33654, '""': -87.33654, '#': -87.33654}]"
Speaker 1: 'Are you still waiting for Bob?' Speaker 2: 'I don't know why I bother. The store wll be closed by the time we get there.',yes,,"[{' no': -1.9980816e-05, ' yes': -10.817624, '!': -87.33654, '""': -87.33654, '#': -87.33654}]"
Speaker 1: 'Should I pay any attention to Sam?' Speaker 2: 'He is nutty as a fruitcake.',no,,"[{' no': -4.0040345e-06, ' yes': -12.419009, '!': -87.33654, '""': -87.33654, '#': -87.33654}]"
Speaker 1: 'C-can you can you unlock it?' Speaker 2: 'Not in a million years. But it wouldn't matter.',no,,"[{' no': -7.584048e-06, ' yes': -11.787223, '!': -87.33654, '""': -87.33654, '#': -87.33654}]"
Speaker 1: 'Does she always cry like that?' Speaker 2: 'It's only because she's teething.',no,,"[{' no': -0.0014622909, ' yes': -6.5284853, '!': -87.33654, '""': -87.33654, '#': -87.33654}]"
Speaker 1: 'Am I writing fast?' Speaker 2: 'You are slower than a snail.',no,,"[{' no': -1.2828294e-05, ' yes': -11.256597, '!': -87.33654, '""': -87.33654, '#': -87.33654}]"
Speaker 1: 'That cake looks delicious. Aren't you going to have some with me?' Speaker 2: 'I am watching my calorie intake.',no,,"[{' no': -4.6010214e-06, ' yes': -12.26775, '!': -87.33654, '""': -87.33654, '#': -87.33654}]"
Speaker 1: 'Is it hot outside?' Speaker 2: 'You could fry an egg on the sidewalk.',yes,,"[{' yes': -0.007697788, ' no': -4.870666, '!': -87.33654, '""': -87.33654, '#': -87.33654}]"
Speaker 1: 'You all buddies?' Speaker 2: 'Except for Skip and Nan. Them we just met.',no,,"[{' no': -7.698572e-06, ' yes': -11.766334, '!': -87.33654, '""': -87.33654, '#': -87.33654}]"
Speaker 1: 'Did Jeffrey consider Jim?' Speaker 2: 'Jeffrey gave him the cold shoulder.',no,,"[{' no': -7.818713e-06, ' yes': -11.752134, '!': -87.33654, '""': -87.33654, '#': -87.33654}]"
Speaker 1: 'Can you drive that far?' Speaker 2: 'Can fish swim?',yes,,"[{' no': -2.8138238e-06, ' yes': -12.766292, '!': -87.33654, '""': -87.33654, '#': -87.33654}]"
Speaker 1: 'Does he work hard?' Speaker 2: 'He has never done a lick of work in his life.',no,,"[{' no': -1.8601542e-06, ' yes': -13.178292, '!': -87.33654, '""': -87.33654, '#': -87.33654}]"
Speaker 1: 'Do I have to attend this interview?' Speaker 2: 'Do you want to be a success in this world?',yes,,"[{' no': -1.7400124e-06, ' yes': -13.223818, '!': -87.33654, '""': -87.33654, '#': -87.33654}]"
Speaker 1: 'You invented fire?' Speaker 2: 'I told you that.',yes,,"[{' no': -0.0057237744, ' yes': -5.165994, '!': -87.33654, '""': -87.33654, '#': -87.33654}]"
Speaker 1: 'Let's have a pizza for dinner.' Speaker 2: 'I am on diet.',no,,"[{' no': -1.6207987e-06, ' yes': -13.289437, '!': -87.33654, '""': -87.33654, '#': -87.33654}]"
Speaker 1: 'Should we go fishing?' Speaker 2: 'Fishing is off season.',no,,"[{' no': -2.0966954e-06, ' yes': -13.051583, '!': -87.33654, '""': -87.33654, '#': -87.33654}]"
Speaker 1: 'Can you come to work today?' Speaker 2: 'I'm down with the flu.',no,,"[{' no': -1.1430258e-06, ' yes': -13.612488, '!': -87.33654, '""': -87.33654, '#': -87.33654}]"
"Speaker 1: 'Are you dressed up to go to bingo?' Speaker 2: 'Ahh, I just wanna look nice.'",no,,"[{' no': -1.6282536e-05, ' yes': -11.025124, '!': -87.33654, '""': -87.33654, '#': -87.33654}]"
Speaker 1: 'Can you meet with me on Wednesday?' Speaker 2: 'I am quite busy Wednesday.',no,,"[{' no': -4.2433903e-06, ' yes': -12.368817, '!': -87.33654, '""': -87.33654, '#': -87.33654}]"
Speaker 1: 'Was that easy to find me?' Speaker 2: 'It took forever to find you.',no,,"[{' no': -2.5744682e-06, ' yes': -12.874003, '!': -87.33654, '""': -87.33654, '#': -87.33654}]"
Speaker 1: 'Do you think that Dr. Luby will organize a theatre trip to New York this year?' Speaker 2: 'I have already signed up for it.',yes,,"[{' yes': -1.8841804e-07, ' no': -15.5108185, '!': -87.33654, '""': -87.33654, '#': -87.33654}]"
Speaker 1: 'Is he smart?' Speaker 2: 'His brain is the size of a pea.',no,,"[{' no': -4.6010214e-06, ' yes': -12.271435, '!': -87.33654, '""': -87.33654, '#': -87.33654}]"
Speaker 1: 'So you think now everything's gonna turn back to normal?' Speaker 2: 'As normal as it could be.',yes,,"[{' no': -0.007909947, ' yes': -4.8435726, '!': -87.33654, '""': -87.33654, '#': -87.33654}]"
Speaker 1: 'Did they get any evidence?' Speaker 2: 'The house is as clean as a whistle.',no,,"[{' no': -2.0966954e-06, ' yes': -13.078881, '!': -87.33654, '""': -87.33654, '#': -87.33654}]"
Speaker 1: 'That cake looks delicious. Aren't you going to have some with me?' Speaker 2: 'But that was a huge meal we just had.',no,,"[{' no': -7.224551e-06, ' yes': -11.826521, '!': -87.33654, '""': -87.33654, '#': -87.33654}]"
Speaker 1: 'Are you guys all right in there?' Speaker 2: 'We're fine.',yes,,"[{' yes': -1.8601542e-06, ' no': -13.148554, '!': -87.33654, '""': -87.33654, '#': -87.33654}]"
Speaker 1: 'Have you seen this movie before?' Speaker 2: 'I've seen that movie a thousand times.',yes,,"[{' yes': -0.0019439443, ' no': -6.2439704, '!': -87.33654, '""': -87.33654, '#': -87.33654}]"
Speaker 1: 'Do you think you got an “a” on the test?' Speaker 2: 'Do chickens have lips?',no,,"[{' no': -6.6619094e-07, ' yes': -14.099563, '!': -87.33654, '""': -87.33654, '#': -87.33654}]"
Speaker 1: 'Did she look pretty?' Speaker 2: 'She was as cute as a kitten.',yes,,"[{' no': -0.0019380908, ' yes': -6.2470174, '!': -87.33654, '""': -87.33654, '#': -87.33654}]"
Speaker 1: 'Is it far away from here?' Speaker 2: 'I walked a million miles to get there.',yes,,"[{' no': -0.0002004825, ' yes': -8.514658, '!': -87.33654, '""': -87.33654, '#': -87.33654}]"
Speaker 1: 'Are you alright without me?' Speaker 2: 'I can't live without you.',no,,"[{' yes': -0.076334074, ' no': -2.6105595, '!': -87.33654, '""': -87.33654, '#': -87.33654}]"
Speaker 1: 'Did you like it?' Speaker 2: 'I was glad when it was over.',no,,"[{' no': -3.529076e-06, ' yes': -12.527819, '!': -87.33654, '""': -87.33654, '#': -87.33654}]"
Speaker 1: 'Is he honest?' Speaker 2: 'He is an open book.',yes,,"[{' yes': -0.15613344, ' no': -1.9340951, '!': -87.33654, '""': -87.33654, '#': -87.33654}]"
Speaker 1: 'You think it's so easy?' Speaker 2: 'Easy enough for you.',yes,,"[{' no': -0.07148356, ' yes': -2.6738167, '!': -87.33654, '""': -87.33654, '#': -87.33654}]"
Speaker 1: 'Is your boss giving you extra work?' Speaker 2: 'I have to draw the line somewhere!',yes,,"[{' no': -7.937927e-06, ' yes': -11.738816, '!': -87.33654, '""': -87.33654, '#': -87.33654}]"
"Speaker 1: 'Did he do as you instructed?' Speaker 2: 'You can lead a horse to water, but you can't make it drink.'",no,,"[{' no': -2.9311614e-06, ' yes': -12.723491, '!': -87.33654, '""': -87.33654, '#': -87.33654}]"
"Speaker 1: 'You mean like, hide and seek?' Speaker 2: 'Perfect! Hide and seek in the rain.'",yes,,"[{' yes': -0.0015197748, ' no': -6.489923, '!': -87.33654, '""': -87.33654, '#': -87.33654}]"
Speaker 1: 'You enjoy it?' Speaker 2: 'Made me sick.',no,,"[{' no': -6.6619094e-07, ' yes': -14.109291, '!': -87.33654, '""': -87.33654, '#': -87.33654}]"
Speaker 1: 'You don't mind taking care of that dog?' Speaker 2: 'It is a labor of love.',no,,"[{' yes': -0.18634163, ' no': -1.7718976, '!': -87.33654, '""': -87.33654, '#': -87.33654}]"
Speaker 1: 'Are you tired?' Speaker 2: 'I've been burning the candle at both ends all week.',yes,,"[{' no': -0.0006034519, ' yes': -7.413094, '!': -87.33654, '""': -87.33654, '#': -87.33654}]"
Speaker 1: 'Can you lend me some money?' Speaker 2: 'I'm completely broke until payday.',no,,"[{' no': -1.6207987e-06, ' yes': -13.287942, '!': -87.33654, '""': -87.33654, '#': -87.33654}]"
Speaker 1: 'You remember?' Speaker 2: 'Not by choice.',yes,,"[{' no': -1.1753544e-05, ' yes': -11.348247, '!': -87.33654, '""': -87.33654, '#': -87.33654}]"
"Speaker 1: 'In your opinion, was private Santiago a good marine?' Speaker 2: 'I'd say he was about average.'",no,,"[{' no': -0.000106175285, ' yes': -9.149932, '!': -87.33654, '""': -87.33654, '#': -87.33654}]"
Speaker 1: 'Do you have these journals?' Speaker 2: 'I can have them flown here from Geneva in an hour.',no,,"[{' yes': -0.54886454, ' no': -0.86181474, '!': -87.33654, '""': -87.33654, '#': -87.33654}]"
"Speaker 1: 'Oh hey dad, can we eat now?' Speaker 2: 'Just wait till we get home.'",no,,"[{' no': -1.42597355e-05, ' yes': -11.153165, '!': -87.33654, '""': -87.33654, '#': -87.33654}]"
Speaker 1: 'Can you pitch?' Speaker 2: 'I'm not bad.',yes,,"[{' no': -0.00035561805, ' yes': -7.9417, '!': -87.33654, '""': -87.33654, '#': -87.33654}]"
Speaker 1: 'Would you like to hear it?' Speaker 2: 'I'd be so grateful.',yes,,"[{' yes': -0.00010534082, ' no': -9.158163, '!': -87.33654, '""': -87.33654, '#': -87.33654}]"
"Speaker 1: 'Let's see if the dead are ticklish, shall we?' Speaker 2: 'Don't you touch him!!'",no,,"[{' no': -4.9586424e-06, ' yes': -12.197559, '!': -87.33654, '""': -87.33654, '#': -87.33654}]"
"Speaker 1: 'Did you sleep well last night?' Speaker 2: 'Last night, I slept like a log.'",yes,,"[{' yes': -0.0004133967, ' no': -7.79107, '!': -87.33654, '""': -87.33654, '#': -87.33654}]"
Speaker 1: 'Are you rich?' Speaker 2: 'We don't have two cents to rub together.',no,,"[{' no': -9.055464e-07, ' yes': -13.8704605, '!': -87.33654, '""': -87.33654, '#': -87.33654}]"
Speaker 1: 'You're blaming us?' Speaker 2: 'I am thanking you.',no,,"[{' no': -0.0012925398, ' yes': -6.6517363, '!': -87.33654, '""': -87.33654, '#': -87.33654}]"
Speaker 1: 'Is your work exciting?' Speaker 2: 'It is important.',no,,"[{' no': -2.4543265e-06, ' yes': -12.876199, '!': -87.33654, '""': -87.33654, '#': -87.33654}]"
Speaker 1: 'Does she walk fast?' Speaker 2: 'She walks as slow as a turtle.',no,,"[{' no': -1.8073477e-05, ' yes': -10.915689, '!': -87.33654, '""': -87.33654, '#': -87.33654}]"
Speaker 1: 'Is the game still on?' Speaker 2: 'It's all over.',no,,"[{' no': -2.5941252e-05, ' yes': -10.557467, '!': -87.33654, '""': -87.33654, '#': -87.33654}]"
Speaker 1: 'Wonderful. You won the scolarship. Can you believe it?' Speaker 2: 'It's almost too good to be true.',no,,"[{' no': -0.00017282138, ' yes': -8.663327, '!': -87.33654, '""': -87.33654, '#': -87.33654}]"
"Speaker 1: 'Oh, so this is the best kind?' Speaker 2: 'It's the cheapest.'",no,,"[{' no': -2.1171965e-05, ' yes': -10.762808, '!': -87.33654, '""': -87.33654, '#': -87.33654}]"
Speaker 1: 'Were you out with Jennifer last night?' Speaker 2: 'I was out drinking with the boys.',no,,"[{' no': -5.79217e-06, ' yes': -12.056661, '!': -87.33654, '""': -87.33654, '#': -87.33654}]"
Speaker 1: 'Do you think father made all his money?' Speaker 2: 'He inherited it.',no,,"[{' no': -0.0010803925, ' yes': -6.831013, '!': -87.33654, '""': -87.33654, '#': -87.33654}]"
Speaker 1: 'Is the place clean?' Speaker 2: 'It's a jungle out there.',no,,"[{' no': -1.6207987e-06, ' yes': -13.302522, '!': -87.33654, '""': -87.33654, '#': -87.33654}]"
Speaker 1: 'Didn't he work for the Church?' Speaker 2: 'Almost exclusively.',yes,,"[{' yes': -0.050708875, ' no': -3.0069008, '!': -87.33654, '""': -87.33654, '#': -87.33654}]"
Speaker 1: 'Was Benny emotional?' Speaker 2: 'Benny always wears his heart on his sleeve.',yes,,"[{' yes': -0.18893124, ' no': -1.7593508, '!': -87.33654, '""': -87.33654, '#': -87.33654}]"
Speaker 1: 'Should I go straight at this intersection?' Speaker 2: 'Hang a left.',no,,"[{' no': -0.0011417944, ' yes': -6.7757235, '!': -87.33654, '""': -87.33654, '#': -87.33654}]"
Speaker 1: 'Is that a snake?' Speaker 2: 'Belt! New and improved! It's even self-tightening. Ow!',no,,"[{' no': -0.0006332137, ' yes': -7.3648376, '!': -87.33654, '""': -87.33654, '#': -87.33654}]"
Speaker 1: 'Are you leaving at dawn for South America?' Speaker 2: 'The night's still young!',yes,,"[{' no': -5.5556293e-06, ' yes': -12.096593, '!': -87.33654, '""': -87.33654, '#': -87.33654}]"
Speaker 1: 'Are you ready?' Speaker 2: 'All systems are go.',yes,,"[{' yes': -0.1072778, ' no': -2.285493, '!': -87.33654, '""': -87.33654, '#': -87.33654}]"
Speaker 1: 'Have you any news for me?' Speaker 2: 'I've made progress.',yes,,"[{' no': -0.008407873, ' yes': -4.782776, '!': -87.33654, '""': -87.33654, '#': -87.33654}]"
Speaker 1: 'Can you see the spot?' Speaker 2: 'It is as bright as a button.',yes,,"[{' no': -9.949678e-05, ' yes': -9.214607, '!': -87.33654, '""': -87.33654, '#': -87.33654}]"
Speaker 1: 'Did he get a huge profit?' Speaker 2: 'He sold his website for peanut.',no,,"[{' no': -3.051303e-06, ' yes': -12.695949, '!': -87.33654, '""': -87.33654, '#': -87.33654}]"
"Speaker 1: 'You really believe I'm ready?' Speaker 2: 'You are, Po.'",yes,,"[{' yes': -6.182308e-05, ' no': -9.689697, '!': -87.33654, '""': -87.33654, '#': -87.33654}]"
Speaker 1: 'Did she smile at you?' Speaker 2: 'Her smile was a mile wide.',yes,,"[{' yes': -0.0032668028, ' no': -5.7255797, '!': -87.33654, '""': -87.33654, '#': -87.33654}]"
Speaker 1: 'Are you hungry?' Speaker 2: 'Maybe we can grab a bite on the way.',yes,,"[{' yes': -0.17055418, ' no': -1.8527671, '!': -87.33654, '""': -87.33654, '#': -87.33654}]"
Speaker 1: 'Are you the owner of this place?' Speaker 2: 'The owners are in Australia.',no,,"[{' no': -4.1232483e-06, ' yes': -12.395778, '!': -87.33654, '""': -87.33654, '#': -87.33654}]"
Speaker 1: 'Does he talk a lot?' Speaker 2: 'He talks a mile a minute.',yes,,"[{' yes': -0.001917249, ' no': -6.257815, '!': -87.33654, '""': -87.33654, '#': -87.33654}]"
"Speaker 1: 'Want me to give you a hand changing her?' Speaker 2: 'Don't worry, I'm used to it.'",no,,"[{' no': -1.9765537e-06, ' yes': -13.105989, '!': -87.33654, '""': -87.33654, '#': -87.33654}]"
"Speaker 1: 'Can I get the money now?' Speaker 2: 'Ahh, maybe next summer.'",no,,"[{' no': -6.6619094e-07, ' yes': -14.130493, '!': -87.33654, '""': -87.33654, '#': -87.33654}]"
Speaker 1: 'Can you open this?' Speaker 2: 'No way.',no,,"[{' no': -2.5744682e-06, ' yes': -12.84955, '!': -87.33654, '""': -87.33654, '#': -87.33654}]"
Speaker 1: 'Do you think you will be able to finish your report by five o'clock today?' Speaker 2: 'Not a chance. I'll be busy in meetings all day.',no,,"[{' no': -1.2622395e-06, ' yes': -13.57995, '!': -87.33654, '""': -87.33654, '#': -87.33654}]"
Speaker 1: 'You want me to drink this whole thing?' Speaker 2: 'Down the hatch!',yes,,"[{' yes': -3.051303e-06, ' no': -12.672526, '!': -87.33654, '""': -87.33654, '#': -87.33654}]"
Speaker 1: 'Did they agree to fund?' Speaker 2: 'I think I've lucked out!',yes,,"[{' no': -0.22932884, ' yes': -1.585072, '!': -87.33654, '""': -87.33654, '#': -87.33654}]"
Speaker 1: 'Do you know where he is?' Speaker 2: 'I'll find him.',no,,"[{' no': -0.0014716014, ' yes': -6.522101, '!': -87.33654, '""': -87.33654, '#': -87.33654}]"
"Speaker 1: 'Oh. So, um, I should... stop talking?' Speaker 2: 'If you can.'",yes,,"[{' no': -0.08098318, ' yes': -2.553731, '!': -87.33654, '""': -87.33654, '#': -87.33654}]"
Speaker 1: 'Do you think he has a chance to win?' Speaker 2: 'He doesn't have a ghost of a chance.',no,,"[{' no': -1.1430258e-06, ' yes': -13.667938, '!': -87.33654, '""': -87.33654, '#': -87.33654}]"
"Speaker 1: 'I think you'd make a fine writer, did you ask your dad?' Speaker 2: 'He won't give it to me.'",no,,"[{' no': -4.721163e-06, ' yes': -12.264294, '!': -87.33654, '""': -87.33654, '#': -87.33654}]"
"Speaker 1: 'You don't add some kind of special sauce or something?' Speaker 2: 'Don't have to. To make something special, you just have to believe it's special.'",no,,"[{' no': -0.035170987, ' yes': -3.3650656, '!': -87.33654, '""': -87.33654, '#': -87.33654}]"
"Speaker 1: 'Are you willing to relocate?' Speaker 2: 'I'm willing to travel internationally, but relocating is out of the question.'",no,,"[{' no': -5.460492e-07, ' yes': -14.317856, '!': -87.33654, '""': -87.33654, '#': -87.33654}]"
Speaker 1: 'Any luck getting me replaced?' Speaker 2: 'Is there anyone in this command that you don't either drink or play softball with?',no,,"[{' no': -3.2140102e-05, ' yes': -10.344872, '!': -87.33654, '""': -87.33654, '#': -87.33654}]"
Speaker 1: 'Does it rain frequently?' Speaker 2: 'It only rains here once in a blue moon.',no,,"[{' no': -1.0444119e-05, ' yes': -11.470148, '!': -87.33654, '""': -87.33654, '#': -87.33654}]"
Speaker 1: 'Do you have a sufficient amount of fruit and vegetables for the child?' Speaker 2: 'She only eats milk and cereal.',no,,"[{' no': -2.0966954e-06, ' yes': -13.0795145, '!': -87.33654, '""': -87.33654, '#': -87.33654}]"
Speaker 1: 'Are you working hard?' Speaker 2: 'I have been burning the midnight oil.',yes,,"[{' yes': -0.000503143, ' no': -7.5949244, '!': -87.33654, '""': -87.33654, '#': -87.33654}]"
Speaker 1: 'And Kendrick was clear on what you wanted?' Speaker 2: 'Crystal.',yes,,"[{' yes': -3.076318e-07, ' no': -14.844147, '!': -87.33654, '""': -87.33654, '#': -87.33654}]"
"Speaker 1: 'Good evening, George. Is anything the matter?' Speaker 2: 'I'm afraid there is.'",yes,,"[{' no': -0.0001427761, ' yes': -8.854444, '!': -87.33654, '""': -87.33654, '#': -87.33654}]"
Speaker 1: 'Would you like some milk in your coffee?' Speaker 2: 'Please.',yes,,"[{' yes': -2.0966954e-06, ' no': -13.073617, '!': -87.33654, '""': -87.33654, '#': -87.33654}]"
Speaker 1: 'We're supposed to believe that?' Speaker 2: 'That's right.',yes,,"[{' yes': 0.0, ' no': -16.989035, '!': -87.33654, '""': -87.33654, '#': -87.33654}]"
Speaker 1: 'Couldn't I have some more now?' Speaker 2: 'I don't want to ruin you appetite.',no,,"[{' no': -2.1051823e-05, ' yes': -10.7647295, '!': -87.33654, '""': -87.33654, '#': -87.33654}]"
Speaker 1: 'Can he feel it if I pet him?' Speaker 2: 'I guess.',yes,,"[{' no': -0.27776107, ' yes': -1.4166617, '!': -87.33654, '""': -87.33654, '#': -87.33654}]"
Speaker 1: 'Are they gonna try to eat our brains?!' Speaker 2: 'I think you'll be safe.',no,,"[{' no': -0.0010195314, ' yes': -6.8888674, '!': -87.33654, '""': -87.33654, '#': -87.33654}]"
Speaker 1: 'Want a piece of chocolate?' Speaker 2: 'I'm allergic to it.',no,,"[{' no': -1.1430258e-06, ' yes': -13.642548, '!': -87.33654, '""': -87.33654, '#': -87.33654}]"
Speaker 1: 'Is he currently employed?' Speaker 2: 'He's... he's going through a bad patch at the moment. But it's not his fault.',no,,"[{' no': -5.848711e-05, ' yes': -9.74693, '!': -87.33654, '""': -87.33654, '#': -87.33654}]"
Speaker 1: 'Do you thing I should buy an iPhone?' Speaker 2: 'I think you can get more bang for your buck with other brands of smartphones.',no,,"[{' no': -1.9621319e-05, ' yes': -10.8380165, '!': -87.33654, '""': -87.33654, '#': -87.33654}]"
Speaker 1: 'Are you sure?' Speaker 2: 'It's a known fact.',yes,,"[{' no': -0.6699507, ' yes': -0.71689445, '!': -87.33654, '""': -87.33654, '#': -87.33654}]"
"Speaker 1: 'You wanna do this right, don't you?' Speaker 2: 'What are you talking about?'",no,,"[{' no': -1.1430258e-06, ' yes': -13.688697, '!': -87.33654, '""': -87.33654, '#': -87.33654}]"
"Speaker 1: 'Is it that obvious?' Speaker 2: 'Well, you do kinda stand out.'",yes,,"[{' no': -0.0010889268, ' yes': -6.823103, '!': -87.33654, '""': -87.33654, '#': -87.33654}]"
Speaker 1: 'Do you think you will ever work at that company again?' Speaker 2: 'When pigs fly.',no,,"[{' no': -7.8540467e-07, ' yes': -14.051728, '!': -87.33654, '""': -87.33654, '#': -87.33654}]"
Speaker 1: 'You think the cops have our phone bugged?' Speaker 2: 'I don't think that's legal.',no,,"[{' no': -3.4089344e-06, ' yes': -12.562006, '!': -87.33654, '""': -87.33654, '#': -87.33654}]"
Speaker 1: 'I am not quite happy here. Do you think I should fill in the survey?' Speaker 2: 'It is people like you whom we can aim to target for improvement.',yes,,"[{' no': -0.0001935684, ' yes': -8.5498295, '!': -87.33654, '""': -87.33654, '#': -87.33654}]"
Speaker 1: 'Will you be sure to tell them about it?' Speaker 2: 'Absolutely. Don't worry about a thing.',yes,,"[{' yes': -6.827632e-08, ' no': -16.450348, '!': -87.33654, '""': -87.33654, '#': -87.33654}]"
Speaker 1: 'Should we keep promoting our item?' Speaker 2: 'It sells like hot cakes!',yes,,"[{' yes': -0.025736308, ' no': -3.6726935, '!': -87.33654, '""': -87.33654, '#': -87.33654}]"
Speaker 1: 'Do they close for the winter?' Speaker 2: 'They're open year round.',no,,"[{' yes': -0.00019332903, ' no': -8.551288, '!': -87.33654, '""': -87.33654, '#': -87.33654}]"
Speaker 1: 'Is it an easy job?' Speaker 2: 'She works her fingers to the bone.',no,,"[{' no': -6.2699432e-06, ' yes': -11.981099, '!': -87.33654, '""': -87.33654, '#': -87.33654}]"
Speaker 1: 'And do you want my permission?' Speaker 2: 'I'd like yours too.',yes,,"[{' no': -0.10435159, ' yes': -2.3117108, '!': -87.33654, '""': -87.33654, '#': -87.33654}]"
Speaker 1: 'Is it a good product?' Speaker 2: 'They had put a lot of thought into making it.',yes,,"[{' no': -0.00019380587, ' yes': -8.548968, '!': -87.33654, '""': -87.33654, '#': -87.33654}]"
Speaker 1: 'Did you like the show?' Speaker 2: 'I got a bang out of it.',yes,,"[{' no': -0.5923564, ' yes': -0.805247, '!': -87.33654, '""': -87.33654, '#': -87.33654}]"
Speaker 1: 'Did it rain yesterday?' Speaker 2: 'We've been having quite a dry spell lately.',no,,"[{' no': -8.7733215e-06, ' yes': -11.636369, '!': -87.33654, '""': -87.33654, '#': -87.33654}]"
Speaker 1: 'I feel horrible. Debbie was furious that I lost her notes. Do you think I should apologize her again?' Speaker 2: 'If I were you I would cool off for some days before I talk to her again.',no,,"[{' no': -3.225932e-05, ' yes': -10.339089, '!': -87.33654, '""': -87.33654, '#': -87.33654}]"
Speaker 1: 'Do you still have the gun?' Speaker 2: 'You told me to give it back.',no,,"[{' no': -8.7576846e-05, ' yes': -9.3427305, '!': -87.33654, '""': -87.33654, '#': -87.33654}]"
"Speaker 1: 'Kids? Are they okay?' Speaker 2: 'They're alright, baby.'",yes,,"[{' yes': -0.06028346, ' no': -2.8386874, '!': -87.33654, '""': -87.33654, '#': -87.33654}]"
Speaker 1: 'Are you a morning person?' Speaker 2: 'I'm more of a night owl.',no,,"[{' no': -3.4089344e-06, ' yes': -12.58755, '!': -87.33654, '""': -87.33654, '#': -87.33654}]"
Speaker 1: 'Was that a long lecture?' Speaker 2: 'I thought that lecture would never end.',yes,,"[{' no': -6.0753944e-05, ' yes': -9.707168, '!': -87.33654, '""': -87.33654, '#': -87.33654}]"
Speaker 1: 'Do you have a cold?' Speaker 2: 'We're allergic to youth.',no,,"[{' no': -9.055464e-07, ' yes': -13.825034, '!': -87.33654, '""': -87.33654, '#': -87.33654}]"
Speaker 1: 'It's bad isn't it?' Speaker 2: 'We should get you to the doctor.',yes,,"[{' no': -0.00011237507, ' yes': -9.093222, '!': -87.33654, '""': -87.33654, '#': -87.33654}]"
Speaker 1: 'You wanna give up now? When we're this close to reaching our dream?' Speaker 2: 'This was your dream. You'll manage.',yes,,"[{' no': -2.5464416e-05, ' yes': -10.577463, '!': -87.33654, '""': -87.33654, '#': -87.33654}]"
"Speaker 1: 'Fat?' Speaker 2: 'Fur, I was gonna say fur.'",no,,"[{' no': -2.3360508e-06, ' yes': -12.95994, '!': -87.33654, '""': -87.33654, '#': -87.33654}]"
Speaker 1: 'Is he rich?' Speaker 2: 'He was born with a spoon in his mouth.',yes,,"[{' yes': -0.59753585, ' no': -0.7988757, '!': -87.33654, '""': -87.33654, '#': -87.33654}]"
Speaker 1: 'Did you order the code red?' Speaker 2: 'You're goddamn right.',yes,,"[{' yes': -1.1430258e-06, ' no': -13.650711, '!': -87.33654, '""': -87.33654, '#': -87.33654}]"
Speaker 1: 'Am I going too fast?' Speaker 2: 'You're walking slower than a snail.',no,,"[{' no': -2.045765e-05, ' yes': -10.793424, '!': -87.33654, '""': -87.33654, '#': -87.33654}]"
Speaker 1: 'Do you suppose I was dropped on my head?' Speaker 2: 'I hope not.',no,,"[{' no': -2.1889093e-05, ' yes': -10.728477, '!': -87.33654, '""': -87.33654, '#': -87.33654}]"
Speaker 1: 'You were a smoker?' Speaker 2: 'Two packs a day.',yes,,"[{' no': -0.00037922888, ' yes': -7.877401, '!': -87.33654, '""': -87.33654, '#': -87.33654}]"
Speaker 1: 'Does she eat a lot?' Speaker 2: 'She eats like a bird.',no,,"[{' no': -8.653179e-06, ' yes': -11.6562195, '!': -87.33654, '""': -87.33654, '#': -87.33654}]"
Speaker 1: 'Have you seen them recently?' Speaker 2: 'I haven't seen them in ages.',no,,"[{' no': -6.6619094e-07, ' yes': -14.098877, '!': -87.33654, '""': -87.33654, '#': -87.33654}]"
Speaker 1: 'That's what you're afraid of isn't it?' Speaker 2: 'You bet I am.',yes,,"[{' yes': -3.6482897e-06, ' no': -12.512492, '!': -87.33654, '""': -87.33654, '#': -87.33654}]"
Speaker 1: 'Is this heaven?' Speaker 2: 'It's Iowa.',no,,"[{' no': -1.3823812e-06, ' yes': -13.458963, '!': -87.33654, '""': -87.33654, '#': -87.33654}]"
Speaker 1: 'Do you have many relatives? ' Speaker 2: 'Is the sky blue?',yes,,"[{' no': -2.3360508e-06, ' yes': -12.923997, '!': -87.33654, '""': -87.33654, '#': -87.33654}]"
Speaker 1: 'Is she tall?' Speaker 2: 'She's as tall as a beanpole.',yes,,"[{' no': -0.00024382658, ' yes': -8.318816, '!': -87.33654, '""': -87.33654, '#': -87.33654}]"
Speaker 1: 'You're gonna be seeing a lot of me. You're sure you don't mind?' Speaker 2: 'It's good what you're doing.',yes,,"[{' no': -0.0002170572, ' yes': -8.435588, '!': -87.33654, '""': -87.33654, '#': -87.33654}]"
Speaker 1: 'Can we go today?' Speaker 2: 'I'm very sick.',no,,"[{' no': -2.0966954e-06, ' yes': -13.030733, '!': -87.33654, '""': -87.33654, '#': -87.33654}]"
Speaker 1: 'Should I bring my umbrella?' Speaker 2: 'Better safe than sorry.',yes,,"[{' yes': -6.933416e-05, ' no': -9.575539, '!': -87.33654, '""': -87.33654, '#': -87.33654}]"
Speaker 1: 'Was that easy to negotiate?' Speaker 2: 'That is as easy as shooting fish in a barrel.',yes,,"[{' yes': -0.23715632, ' no': -1.5552715, '!': -87.33654, '""': -87.33654, '#': -87.33654}]"
Speaker 1: 'And have you any other truths to tell me?' Speaker 2: 'You already know what they are.',yes,,"[{' no': -8.566857e-05, ' yes': -9.364015, '!': -87.33654, '""': -87.33654, '#': -87.33654}]"
Speaker 1: 'You want answers?' Speaker 2: 'I think I'm entitled to them.',yes,,"[{' yes': -2.7251614e-05, ' no': -10.50729, '!': -87.33654, '""': -87.33654, '#': -87.33654}]"
Speaker 1: 'Did I do it well?' Speaker 2: 'You were as brave as a lion.',yes,,"[{' no': -5.300351e-05, ' yes': -9.845061, '!': -87.33654, '""': -87.33654, '#': -87.33654}]"
Speaker 1: 'Do you think you can give me a ride home?' Speaker 2: 'A friend in need is a friend indeed.',yes,,"[{' no': -0.00021789165, ' yes': -8.431477, '!': -87.33654, '""': -87.33654, '#': -87.33654}]"
"Speaker 1: 'Don't you ever think about having a family?' Speaker 2: 'Right now, you're my family.'",no,,"[{' yes': -0.021062, ' no': -3.8707933, '!': -87.33654, '""': -87.33654, '#': -87.33654}]"
Speaker 1: 'Will these go away? These gas gauges?' Speaker 2: 'It's probably a functional impairment.',no,,"[{' no': -1.1873685e-05, ' yes': -11.337688, '!': -87.33654, '""': -87.33654, '#': -87.33654}]"
Speaker 1: 'Is he available? ' Speaker 2: 'He's all tied up in the staff meeting. ',no,,"[{' no': -7.8540467e-07, ' yes': -13.946838, '!': -87.33654, '""': -87.33654, '#': -87.33654}]"
Speaker 1: 'Do you want to go to the lecture tonight in the science auditorium? It is done by a guide who lived in Antartica for a decade.' Speaker 2: 'It is no kidding. I am writing a report on Antarctica in my geography class. Maybe I would get some good information to add to it.',yes,,"[{' no': -0.043577276, ' yes': -3.154928, '!': -87.33654, '""': -87.33654, '#': -87.33654}]"
Speaker 1: 'Can I call you in a little while?' Speaker 2: 'It's four in the morning... I'm going to go to sleep.',no,,"[{' no': -6.8669196e-06, ' yes': -11.882461, '!': -87.33654, '""': -87.33654, '#': -87.33654}]"
Speaker 1: 'Would you like to go to a party tonight?' Speaker 2: 'I am too tired.',no,,"[{' no': -6.6619094e-07, ' yes': -14.15857, '!': -87.33654, '""': -87.33654, '#': -87.33654}]"
Speaker 1: 'Were they excited?' Speaker 2: 'You could feel a ripple of excitement.',yes,,"[{' yes': -0.00462369, ' no': -5.3788834, '!': -87.33654, '""': -87.33654, '#': -87.33654}]"
"Speaker 1: 'Shall we get spots?' Speaker 2: 'Oh, highly unlikely.'",no,,"[{' no': -4.277735e-07, ' yes': -14.551528, '!': -87.33654, '""': -87.33654, '#': -87.33654}]"
Speaker 1: 'That chocolate cake looks delicious. Aren't you going to have some with me?' Speaker 2: 'I am allergic to chocolate.',no,,"[{' no': -5.460492e-07, ' yes': -14.293372, '!': -87.33654, '""': -87.33654, '#': -87.33654}]"
Speaker 1: 'Remember when we use to have fun?' Speaker 2: 'Before you go boring.',yes,,"[{' no': -2.880226e-05, ' yes': -10.452856, '!': -87.33654, '""': -87.33654, '#': -87.33654}]"
Speaker 1: 'Are you following me?' Speaker 2: 'I'll tell you why.',yes,,"[{' no': -8.892534e-06, ' yes': -11.620126, '!': -87.33654, '""': -87.33654, '#': -87.33654}]"
Speaker 1: 'Do you feel better?' Speaker 2: 'Frightened.',no,,"[{' no': -1.5006569e-06, ' yes': -13.37507, '!': -87.33654, '""': -87.33654, '#': -87.33654}]"
Speaker 1: 'Can you read these instructions?' Speaker 2: 'It's all Greek to me.',no,,"[{' no': -1.7400124e-06, ' yes': -13.235246, '!': -87.33654, '""': -87.33654, '#': -87.33654}]"
Speaker 1: 'You really hearing voices?' Speaker 2: 'Just one.',yes,,"[{' no': -0.14287801, ' yes': -2.016352, '!': -87.33654, '""': -87.33654, '#': -87.33654}]"
Speaker 1: 'Did you understand question number three?' Speaker 2: 'I was totally in the dark.',no,,"[{' no': -1.6207987e-06, ' yes': -13.325341, '!': -87.33654, '""': -87.33654, '#': -87.33654}]"
Speaker 1: 'Can I help you with that?' Speaker 2: 'Why thank you!',yes,,"[{' yes': -0.0017303432, ' no': -6.3602805, '!': -87.33654, '""': -87.33654, '#': -87.33654}]"
Speaker 1: 'Are you with me?' Speaker 2: 'To the death!',yes,,"[{' yes': -3.2906587e-06, ' no': -12.603, '!': -87.33654, '""': -87.33654, '#': -87.33654}]"
Speaker 1: 'Special occasion?' Speaker 2: 'I don't know. I guess so.',yes,,"[{' yes': -0.004876483, ' no': -5.3257613, '!': -87.33654, '""': -87.33654, '#': -87.33654}]"
Speaker 1: 'Is he generous?' Speaker 2: 'He would give you the shirt off his back.',yes,,"[{' yes': -1.022884e-06, ' no': -13.7521515, '!': -87.33654, '""': -87.33654, '#': -87.33654}]"
Speaker 1: 'You want to try?' Speaker 2: 'We can ask for nothing better.',yes,,"[{' yes': -0.00022999368, ' no': -8.3772135, '!': -87.33654, '""': -87.33654, '#': -87.33654}]"
"Speaker 1: 'Did you wear a jeans for the meeting?' Speaker 2: 'They wore jeans, which made me stand out like a sore thumb.'",no,,"[{' no': -7.224551e-06, ' yes': -11.834547, '!': -87.33654, '""': -87.33654, '#': -87.33654}]"
Speaker 1: 'Can she hide her feeling?' Speaker 2: 'She wears her heart on her sleeve.',no,,"[{' no': -0.0014351911, ' yes': -6.5471807, '!': -87.33654, '""': -87.33654, '#': -87.33654}]"
Speaker 1: 'Have you ever been in a courtroom?' Speaker 2: 'I once had my drivers license suspended.',yes,,"[{' no': -4.6010214e-06, ' yes': -12.288593, '!': -87.33654, '""': -87.33654, '#': -87.33654}]"
Speaker 1: 'Do you like brussel sprouts?' Speaker 2: 'I hate them.',no,,"[{' no': -3.529076e-06, ' yes': -12.541231, '!': -87.33654, '""': -87.33654, '#': -87.33654}]"
Speaker 1: 'I thought you said this was a difficult problem?' Speaker 2: 'It's as easy as pie.',no,,"[{' yes': -0.6535432, ' no': -0.7343843, '!': -87.33654, '""': -87.33654, '#': -87.33654}]"
"Speaker 1: 'Let's have a dance then, shall me?' Speaker 2: 'Don't do that!'",no,,"[{' no': -1.3823812e-06, ' yes': -13.499704, '!': -87.33654, '""': -87.33654, '#': -87.33654}]"
"Speaker 1: 'And then Batman showed up? ' Speaker 2: ' He saved all our lives, Jim.'",yes,,"[{' yes': -0.0027215132, ' no': -5.907926, '!': -87.33654, '""': -87.33654, '#': -87.33654}]"
Speaker 1: 'Is the bangle clean now?' Speaker 2: 'It is as shiny as a new pin',yes,,"[{' no': -0.00031358056, ' yes': -8.067422, '!': -87.33654, '""': -87.33654, '#': -87.33654}]"
"Speaker 1: 'You mean I pretend I have a mom?' Speaker 2: 'You can do that, can't you?'",yes,,"[{' yes': -8.3284394e-05, ' no': -9.393371, '!': -87.33654, '""': -87.33654, '#': -87.33654}]"
Speaker 1: 'My client is taking me to a really fancy restaurant tonight. So I am wearing this new cologne. I got a sample of it from a magazine. Can you smell it?' Speaker 2: 'From across the room. But it is not exactly subtle. Is it?',yes,,"[{' no': -0.019058716, ' yes': -3.9697423, '!': -87.33654, '""': -87.33654, '#': -87.33654}]"
"Speaker 1: 'You are a musician, no?' Speaker 2: 'I only really play for myself.'",no,,"[{' no': -4.1232483e-06, ' yes': -12.39255, '!': -87.33654, '""': -87.33654, '#': -87.33654}]"
Speaker 1: 'I bought the wrong math book. Here is the receipt. Can I get my money back?' Speaker 2: 'Not after ten days. But you can exchange something for it.',no,,"[{' no': -4.7279616e-05, ' yes': -9.95968, '!': -87.33654, '""': -87.33654, '#': -87.33654}]"
Speaker 1: 'Is the job going to be easy?' Speaker 2: 'You have big shoes to fill.',no,,"[{' no': -1.022884e-06, ' yes': -13.696342, '!': -87.33654, '""': -87.33654, '#': -87.33654}]"
"Speaker 1: 'Should I water your plants while you are away?' Speaker 2: 'Thanks for the offer, but Mark already said that he will have an eye on them.'",no,,"[{' no': -7.224551e-06, ' yes': -11.826956, '!': -87.33654, '""': -87.33654, '#': -87.33654}]"
Speaker 1: 'Do you think I should attend the interview?' Speaker 2: 'Do you want to be a failure for the rest of your life?',yes,,"[{' no': -1.7400124e-06, ' yes': -13.244874, '!': -87.33654, '""': -87.33654, '#': -87.33654}]"
Speaker 1: 'You want answers?!' Speaker 2: 'I want the truth.',yes,,"[{' no': -0.5231449, ' yes': -0.8980915, '!': -87.33654, '""': -87.33654, '#': -87.33654}]"
Speaker 1: 'This is large. Will this suit her?' Speaker 2: 'She's as thin as a toothpick.',no,,"[{' no': -9.130952e-06, ' yes': -11.603386, '!': -87.33654, '""': -87.33654, '#': -87.33654}]"
Speaker 1: 'Do you want to come out for a juice?' Speaker 2: 'I am so thirsty that my throat is as dry as a bone.',yes,,"[{' no': -5.991855e-05, ' yes': -9.721327, '!': -87.33654, '""': -87.33654, '#': -87.33654}]"
Speaker 1: 'Are you looking for an expensive laptop?' Speaker 2: 'I'm looking for a reliable one that won't break the bank.',no,,"[{' no': -2.987608e-05, ' yes': -10.415938, '!': -87.33654, '""': -87.33654, '#': -87.33654}]"
"Speaker 1: 'Ariel, are you okay?' Speaker 2: 'If only I could make him understand.'",no,,"[{' no': -9.055464e-07, ' yes': -13.899453, '!': -87.33654, '""': -87.33654, '#': -87.33654}]"
Speaker 1: 'Are you all right?' Speaker 2: 'Perfect! Never been better.',yes,,"[{' yes': -0.00897154, ' no': -4.7181773, '!': -87.33654, '""': -87.33654, '#': -87.33654}]"
Speaker 1: 'Could they compete against online platforms?' Speaker 2: 'They were fighting a losing battle.',no,,"[{' no': -2.0966954e-06, ' yes': -13.07898, '!': -87.33654, '""': -87.33654, '#': -87.33654}]"
"Speaker 1: 'Is this really the best time to talk?' Speaker 2: 'Well, so far...'",yes,,"[{' no': -0.0004029617, ' yes': -7.8167553, '!': -87.33654, '""': -87.33654, '#': -87.33654}]"
Speaker 1: 'Did she put on weight?' Speaker 2: 'She is as thin as a rake.',no,,"[{' no': -6.5092986e-06, ' yes': -11.941396, '!': -87.33654, '""': -87.33654, '#': -87.33654}]"
Speaker 1: 'Do you think I should finish it fast?' Speaker 2: 'Time is ticking away.',yes,,"[{' no': -2.033751e-05, ' yes': -10.803067, '!': -87.33654, '""': -87.33654, '#': -87.33654}]"
Speaker 1: 'Do you know him? ' Speaker 2: 'I wish I did.',no,,"[{' no': -4.6010214e-06, ' yes': -12.285229, '!': -87.33654, '""': -87.33654, '#': -87.33654}]"
Speaker 1: 'Can you sit with me to have a look at these outlines?' Speaker 2: 'I am tied up at this moment.',no,,"[{' no': -1.022884e-06, ' yes': -13.776688, '!': -87.33654, '""': -87.33654, '#': -87.33654}]"
Speaker 1: 'Is Marci grumpy?' Speaker 2: 'He's as gentle as a lamb.',no,,"[{' no': -2.4032974e-05, ' yes': -10.634713, '!': -87.33654, '""': -87.33654, '#': -87.33654}]"
Speaker 1: 'Did I make a good bet?' Speaker 2: 'You backed the wrong horse.',no,,"[{' no': -2.8138238e-06, ' yes': -12.766322, '!': -87.33654, '""': -87.33654, '#': -87.33654}]"
"Speaker 1: 'Have you eve seen anything so wonderful in your entire life?' Speaker 2: 'Wow, cool! But, err, what is it?'",no,,"[{' no': -1.5805701e-05, ' yes': -11.048799, '!': -87.33654, '""': -87.33654, '#': -87.33654}]"
